{"cameraMode":{"drawMode":0,"name":"Shaded","section":"Shading Mode"},"sceneLighting":true,"audioPlay":false,"sceneViewState":{"showFog":false,"showMaterialUpdate":false,"showSkybox":false,"showFlares":false,"showImageEffects":false,"showParticleSystems":false},"in2DMode":false,"pivot":{"x":2.114656925201416,"y":-4.036372184753418,"z":12.824275016784668},"rotation":{"x":0.31497451663017275,"y":-0.12620699405670167,"z":0.04230017960071564,"w":0.9397269487380981},"size":13.954565048217774,"orthographic":false}