{"cameraMode":{"drawMode":0,"name":"Shaded","section":"Shading Mode"},"sceneLighting":true,"audioPlay":false,"sceneViewState":{"showFog":false,"showMaterialUpdate":false,"showSkybox":false,"showFlares":false,"showImageEffects":false,"showParticleSystems":false},"in2DMode":false,"pivot":{"x":-1.771253228187561,"y":-4.397642135620117,"z":26.16469955444336},"rotation":{"x":0.10084133595228195,"y":-0.04326824098825455,"z":0.004390646703541279,"w":0.9939559102058411},"size":13.954565048217774,"orthographic":false}