{"cameraMode":{"drawMode":0,"name":"Shaded","section":"Shading Mode"},"sceneLighting":true,"audioPlay":false,"sceneViewState":{"showFog":false,"showMaterialUpdate":false,"showSkybox":false,"showFlares":false,"showImageEffects":false,"showParticleSystems":false},"in2DMode":false,"pivot":{"x":-0.9634066820144653,"y":-14.554381370544434,"z":17.84962272644043},"rotation":{"x":-0.3494434058666229,"y":0.03961102291941643,"z":-0.014789377339184285,"w":-0.9360103607177734},"size":13.954565048217774,"orthographic":false}