{"cameraMode":{"drawMode":0,"name":"Shaded","section":"Shading Mode"},"sceneLighting":false,"audioPlay":false,"sceneViewState":{"showFog":false,"showMaterialUpdate":false,"showSkybox":false,"showFlares":false,"showImageEffects":false,"showParticleSystems":false},"in2DMode":false,"pivot":{"x":-0.0014171600341796876,"y":1.1651288270950318,"z":-0.01336050033569336},"rotation":{"x":-0.3513999879360199,"y":0.5262845158576965,"z":-0.252674400806427,"w":-0.7319148182868958},"size":18.430187225341798,"orthographic":false}